Question,Question_Type,Option_A,Option_B,Option_C,Option_D,Correct_Answer
What is partial discharge (PD)?,multiple_choice,A complete breakdown of insulation in high voltage systems,A localized electrical discharge in a compromised insulating medium,A phenomenon only occurring in low voltage systems,An issue that only affects the outer surface of insulation,A localized electrical discharge in a compromised insulating medium
Which type of partial discharge is commonly observed near sharp conductor edges under high voltage conditions?,multiple_choice,Surface discharge,Corona discharge,Void discharge,Internal discharge,Corona discharge
What is the primary cause of surface discharge in insulation?,multiple_choice,Poor maintenance and high humidity,Overvoltage,Low operating temperature,Direct exposure to sunlight,Poor maintenance and high humidity
Void discharge typically occurs in which part of the high voltage system?,multiple_choice,In the air surrounding the conductor,On the surface of the insulator,Within insulating material cavities,At the interface between two dielectrics,Within insulating material cavities
Which method is NOT commonly used for detecting partial discharge?,multiple_choice,Acoustic Detection,Transient Earth Voltage (TEV) Detection,High Frequency Current Transformer (HFCT),Optical Fiber Detection,Optical Fiber Detection
"During partial discharge testing, what is the purpose of gradually increasing the test voltage?",multiple_choice,To simulate operating conditions,To ensure safety,To induce partial discharges,To test the mechanical strength of the system,To induce partial discharges
What type of signal is generated in a cable during partial discharge?,multiple_choice,Low-frequency pulses,High-frequency pulses,Continuous waves,Low amplitude ripples,High-frequency pulses
"In partial discharge testing on cables, what does the time of arrival of a pulse help to determine?",multiple_choice,The cable's operating voltage,The exact location of the partial discharge,The material of the insulation,The type of discharge,The exact location of the partial discharge
Which factor does NOT affect signal attenuation in partial discharge testing?,multiple_choice,Type of cable,Length of the cable,Operating temperature,Loading condition,Operating temperature
What is the main consequence of void discharge within insulating material cavities?,multiple_choice,It leads to the formation of treeing channels,It reduces the conductivity of the material,It improves the insulation’s efficiency,It eliminates surface discharge,It leads to the formation of treeing channels
What is the role of multiple sensors in partial discharge localization?,multiple_choice,To ensure redundancy,To pinpoint the location of insulation voids,To measure the voltage level,To increase the noise in the system,To pinpoint the location of insulation voids
What type of partial discharge is most likely to cause immediate insulation failure?,multiple_choice,Corona discharge,Surface discharge,Void discharge,Edge discharge,Void discharge